{"general": {"rotation": [[0.999967065226346, 0.00048116768815289503, 0.008101662808620185], [-0.0003901823318677, 0.9999368846136151, -0.011228292255093704], [-0.008106554160467948, 0.011224761328143089, 0.9999041396617826]], "translation": [[-0.0693948926551797], [-6.124059392688668e-05], [-0.00019443026018345445]], "dispartity": [[1.0, 0.0, 0.0, -801.1561737060547], [0.0, 1.0, 0.0, -656.7502021789551], [0.0, 0.0, 0.0, 1965.847109013675], [0.0, 0.0, 14.410220224294, -0.0]]}, "left": {"matrix": [[1970.2190248238633, 0.0, 842.9495313502327], [0.0, 1966.7375311971748, 606.6500381365903], [0.0, 0.0, 1.0]], "distortion": [[-0.3552625135941328, 0.11501980420674913, -0.00025385579458556053, 0.00029071175137395804, 0.13594012638481773]], "rectification": [[0.9999396938340804, 0.0013950497026108397, 0.010893233281840586], [-0.001333862219185758, 0.9999833053400176, -0.005622264030919207], [-0.010900894760779172, 0.005607394901412289, 0.9999248609849811]], "projection": [[1965.847109013675, 0.0, 801.1561737060547, 0.0], [0.0, 1965.847109013675, 656.7502021789551, 0.0], [0.0, 0.0, 1.0, 0.0]], "ROI": [0, 16, 1920, 1064]}, "right": {"matrix": [[1968.2687762191463, 0.0, 858.6572314738265], [0.0, 1964.9566868301754, 671.7951762378934], [0.0, 0.0, 1.0]], "distortion": [[-0.35686748964049814, 0.14585457193429427, -0.0013966436152114214, 0.0006968130475448392, 0.07868426480889597]], "rectification": [[0.9999956856023818, 0.0008824904451511136, 0.0028017828674982556], [-0.0008982083209130466, 0.9999838398804681, 0.005613661882105002], [-0.00279678358737895, -0.005616154247220527, 0.999980318212832]], "projection": [[1965.847109013675, 0.0, 801.1561737060547, -136.4203376780793], [0.0, 1965.847109013675, 656.7502021789551, 0.0], [0.0, 0.0, 1.0, 0.0]], "ROI": [0, 0, 1920, 1080]}}