{
    "general": {
        "rotation": [
            [
                0.999972312835384,
                0.000518543116428014,
                0.0074232523660029285
            ],
            [
                -0.00043531386884933097,
                0.9999370802598704,
                -0.011209193690943892
            ],
            [
                -0.007428597747122291,
                0.011205651895446068,
                0.9999096205663337
            ]
        ],
        "translation": [
            [
                -0.06940057664258445
            ],
            [
                -2.8188538403769168e-05
            ],
            [
                0.0001368164747801909
            ]
        ],
        "dispartity": [
            [
                1.0,
                0.0,
                0.0,
                -537.5922622680664
            ],
            [
                0.0,
                1.0,
                0.0,
                -436.2434959411621
            ],
            [
                0.0,
                0.0,
                0.0,
                1311.8072783450825
            ],
            [
                0.0,
                0.0,
                14.409072988751808,
                -0.0
            ]
        ]
    },
    "left": {
        "matrix": [
            [
                1304.1253553948143,
                0.0,
                557.0067543150345
            ],
            [
                0.0,
                1312.045196516801,
                403.09850021445357
            ],
            [
                0.0,
                0.0,
                1.0
            ]
        ],
        "distortion": [
            [
                -0.35344845944276304,
                0.10348159852294482,
                -0.0002287658774232692,
                0.00035619990358386406,
                0.1534533840092066
            ]
        ],
        "rectification": [
            [
                0.999984755111176,
                0.000902596411003478,
                0.005447464085250931
            ],
            [
                -0.0008720499868489728,
                0.9999838991187819,
                -0.005607230333956848
            ],
            [
                -0.005452437442253858,
                0.0056023943913698915,
                0.9999694415846025
            ]
        ],
        "projection": [
            [
                1311.8072783450825,
                0.0,
                537.5922622680664,
                0.0
            ],
            [
                0.0,
                1311.8072783450825,
                436.2434959411621,
                0.0
            ],
            [
                0.0,
                0.0,
                1.0,
                0.0
            ]
        ],
        "ROI": [
            0,
            11,
            1270,
            709
        ]
    },
    "right": {
        "matrix": [
            [
                1303.484384967558,
                0.0,
                568.2509640299269
            ],
            [
                0.0,
                1311.5693601733642,
                446.4384147587364
            ],
            [
                0.0,
                0.0,
                1.0
            ]
        ],
        "distortion": [
            [
                -0.3579767804888366,
                0.15377560393905643,
                -0.0013603817772825761,
                0.0006426104068731069,
                0.05993049655455535
            ]
        ],
        "rectification": [
            [
                0.9999979743044631,
                0.0004061707072788142,
                -0.001971398571246688
            ],
            [
                -0.00039511496067473124,
                0.9999842125380524,
                0.005605226027469063
            ],
            [
                0.001973644126486793,
                -0.005604435743918767,
                0.9999823473586192
            ]
        ],
        "projection": [
            [
                1311.8072783450825,
                0.0,
                537.5922622680664,
                -91.04036598115106
            ],
            [
                0.0,
                1311.8072783450825,
                436.2434959411621,
                0.0
            ],
            [
                0.0,
                0.0,
                1.0,
                0.0
            ]
        ],
        "ROI": [
            0,
            0,
            1270,
            720
        ]
    }
}