{
    "general": {
        "rotation": [
            [
                0.9999709855805384,
                0.0005214890909715432,
                0.007599739878079135
            ],
            [
                -0.0004389407446485031,
                0.9999409362570336,
                -0.010859619165954772
            ],
            [
                -0.0076049541819235185,
                0.010855968244927877,
                0.9999121524540823
            ]
        ],
        "translation": [
            [
                -0.06939622037251743
            ],
            [
                -6.556753449714087e-06
            ],
            [
                -0.00042994835802173616
            ]
        ],
        "dispartity": [
            [
                1.0,
                0.0,
                0.0,
                -528.5625381469727
            ],
            [
                0.0,
                1.0,
                0.0,
                -435.7398910522461
            ],
            [
                0.0,
                0.0,
                0.0,
                1310.5385924731268
            ],
            [
                0.0,
                0.0,
                14.409730072437375,
                -0.0
            ]
        ]
    },
    "left": {
        "matrix": [
            [
                1313.4638043197165,
                0.0,
                561.3197864474816
            ],
            [
                0.0,
                1311.1191894158314,
                403.0521340069057
            ],
            [
                0.0,
                0.0,
                1.0
            ]
        ],
        "distortion": [
            [
                -0.3529960471537331,
                0.10097780942820019,
                -0.00025652001687320725,
                0.00036738077409094027,
                0.15922745356477144
            ]
        ],
        "rectification": [
            [
                0.9999046322455895,
                0.0006832120447833558,
                0.013793463492340726
            ],
            [
                -0.0006083226841715535,
                0.9999850571874578,
                -0.0054328027121165745
            ],
            [
                -0.013796969135451299,
                0.005423893721186082,
                0.9998901064714946
            ]
        ],
        "projection": [
            [
                1310.5385924731268,
                0.0,
                528.5625381469727,
                0.0
            ],
            [
                0.0,
                1310.5385924731268,
                435.7398910522461,
                0.0
            ],
            [
                0.0,
                0.0,
                1.0,
                0.0
            ]
        ],
        "ROI": [
            0,
            11,
            1280,
            709
        ]
    },
    "right": {
        "matrix": [
            [
                1312.1724209890842,
                0.0,
                572.4232838869368
            ],
            [
                0.0,
                1309.9579955304218,
                445.9008274185839
            ],
            [
                0.0,
                0.0,
                1.0
            ]
        ],
        "distortion": [
            [
                -0.3572579158471311,
                0.14671033302538372,
                -0.001347990037893736,
                0.0006554893941492798,
                0.08382937807134158
            ]
        ],
        "rectification": [
            [
                0.9999808036153556,
                9.448104736161652e-05,
                0.006195439784173071
            ],
            [
                -0.00012811162300578366,
                0.9999852595131392,
                0.005428106838628198
            ],
            [
                -0.006194835607155029,
                -0.005428796346447417,
                0.9999660755155793
            ]
        ],
        "projection": [
            [
                1310.5385924731268,
                0.0,
                528.5625381469727,
                -90.94817084602418
            ],
            [
                0.0,
                1310.5385924731268,
                435.7398910522461,
                0.0
            ],
            [
                0.0,
                0.0,
                1.0,
                0.0
            ]
        ],
        "ROI": [
            0,
            0,
            1280,
            720
        ]
    }
}