{
    "general": {
        "rotation": [
            [
                0.9998729072772218,
                0.00015968913815946108,
                0.015941887980269017
            ],
            [
                -0.0005174248760461948,
                0.9997480938699265,
                0.022438383964680682
            ],
            [
                -0.01593428895476483,
                -0.02244378093878,
                0.9996211157897167
            ]
        ],
        "translation": [
            [
                -0.06946712765803185
            ],
            [
                -0.00041087296630945786
            ],
            [
                -0.0007406432417585325
            ]
        ],
        "dispartity": [
            [
                1.0,
                0.0,
                0.0,
                -513.2944946289062
            ],
            [
                0.0,
                1.0,
                0.0,
                -430.0866050720215
            ],
            [
                0.0,
                0.0,
                0.0,
                1349.6748041765427
            ],
            [
                0.0,
                0.0,
                14.39422808662347,
                -0.0
            ]
        ]
    },
    "left": {
        "matrix": [
            [
                1305.6688911836027,
                0.0,
                565.9633794546473
            ],
            [
                0.0,
                1313.682803051099,
                419.03913931501216
            ],
            [
                0.0,
                0.0,
                1.0
            ]
        ],
        "distortion": [
            [
                -0.35344845944276304,
                0.10348159852294482,
                -0.0002287658774232692,
                0.00035619990358386406,
                0.1534533840092066
            ]
        ],
        "rectification": [
            [
                0.9996256613418709,
                0.005833113765010469,
                0.02673035672473869
            ],
            [
                -0.006132133191643686,
                0.9999193877451317,
                0.011118226203890632
            ],
            [
                -0.026663348052097254,
                -0.011277978329708937,
                0.999580848693815
            ]
        ],
        "projection": [
            [
                1349.6748041765427,
                0.0,
                513.2944946289062,
                0.0
            ],
            [
                0.0,
                1349.6748041765427,
                430.0866050720215,
                0.0
            ],
            [
                0.0,
                0.0,
                1.0,
                0.0
            ]
        ],
        "ROI": [
            0,
            0,
            1270,
            720
        ]
    },
    "right": {
        "matrix": [
            [
                1305.6688911836027,
                0.0,
                566.2591352585041
            ],
            [
                0.0,
                1313.682803051099,
                419.02878667564335
            ],
            [
                0.0,
                0.0,
                1.0
            ]
        ],
        "distortion": [
            [
                -0.3579767804888366,
                0.15377560393905643,
                -0.0013603817772825761,
                0.0006426104068731069,
                0.05993049655455535
            ]
        ],
        "rectification": [
            [
                0.9999256800323003,
                0.005914199191685806,
                0.010660987752688112
            ],
            [
                -0.005794432060200243,
                0.9999201498686049,
                -0.011230246829270643
            ],
            [
                -0.010726554388135362,
                0.011167637828461455,
                0.9998801052607712
            ]
        ],
        "projection": [
            [
                1349.6748041765427,
                0.0,
                513.2944946289062,
                -93.76500053037182
            ],
            [
                0.0,
                1349.6748041765427,
                430.0866050720215,
                0.0
            ],
            [
                0.0,
                0.0,
                1.0,
                0.0
            ]
        ],
        "ROI": [
            0,
            0,
            1270,
            720
        ]
    }
}